Kind,Name,PercentLackOfCohesion
Public Class,"View.TelasADM.CadastroGerente",75
Class,"View.TelasADM.CadastroGerente.jjPanel1.(Anon_1)",0
Class,"View.TelasADM.CadastroGerente.jjPanel1.(Anon_2)",0
Class,"View.TelasADM.CadastroGerente.jjPanel1.(Anon_3)",0
Class,"View.TelasADM.CadastroGerente.jjPanel1.(Anon_4)",0
Class,"View.TelasADM.CadastroGerente.jjPanel1.(Anon_5)",0
Class,"View.TelasADM.CadastroGerente.jjPanel1.(Anon_6)",0
Class,"View.TelasADM.CadastroGerente.jjPanel1.(Anon_7)",0
Public Class,"View.TelasADM.MenuADM",88
Class,"View.TelasADM.MenuADM.jButton3.(Anon_3)",0
Class,"View.TelasADM.MenuADM.jDesktopPane2Layout.(Anon_2)",0
Class,"View.TelasADM.MenuADM.jPanel1.(Anon_1)",0
Class,"View.TelasADM.MenuADM.jPanel3.(Anon_4)",0
Class,"View.TelasADM.MenuADM.jPanel3.(Anon_5)",0
Class,"View.TelasADM.MenuADM.main.(Anon_6)",0
Public Class,"View.TelasADM.MenuADMProduct",33
Class,"View.TelasADM.MenuADMProduct.jButton1.(Anon_1)",0
Public Class,"View.TelasGerais.EsqueciSenha",87
Class,"View.TelasGerais.EsqueciSenha.initComponents.(Anon_1)",0
Class,"View.TelasGerais.EsqueciSenha.initComponents.(Anon_2)",0
Class,"View.TelasGerais.EsqueciSenha.jBntVerificar.(Anon_4)",0
Class,"View.TelasGerais.EsqueciSenha.jBntVerificar.(Anon_5)",0
Class,"View.TelasGerais.EsqueciSenha.jBntVerificar.(Anon_6)",0
Class,"View.TelasGerais.EsqueciSenha.jPanel2.(Anon_3)",0
Class,"View.TelasGerais.EsqueciSenha.main.(Anon_7)",0
Public Class,"View.TelasGerais.EsqueciSenhaProduct",55
Public Class,"View.TelasGerais.Login",91
Class,"View.TelasGerais.Login.hjPanel1.(Anon_1)",0
Class,"View.TelasGerais.Login.hjPanel1.(Anon_2)",0
Class,"View.TelasGerais.Login.jBntEntrar.(Anon_9)",0
Class,"View.TelasGerais.Login.jPanel1.(Anon_3)",0
Class,"View.TelasGerais.Login.jPanel1.(Anon_4)",0
Class,"View.TelasGerais.Login.jPanel1.(Anon_5)",0
Class,"View.TelasGerais.Login.jPanel1.(Anon_6)",0
Class,"View.TelasGerais.Login.jPanel1.(Anon_7)",0
Class,"View.TelasGerais.Login.jPanel1.(Anon_8)",0
Class,"View.TelasGerais.Login.jTextField1.(Anon_10)",0
Class,"View.TelasGerais.Login.jTextField1.(Anon_11)",0
Class,"View.TelasGerais.Login.main.(Anon_12)",0
Public Class,"View.TelasGerais.LoginProduct",0
Public Class,"View.TelasGerais.TelaSplash",73
Class,"View.TelasGerais.TelaSplash.main.(Anon_1)",0
Public Class,"View.TelasGerais.TelaSplashProduct",50
Class,"View.TelasGerais.TelaSplashProduct.formWindowOpened.(Anon_2)",0
Class,"View.TelasGerais.TelaSplashProduct.jLabel15.(Anon_1)",0
Public Class,"View.TelasGerente.CadastroPromocao",89
Class,"View.TelasGerente.CadastroPromocao.cadastroPromocaoProduct.(Anon_7)",0
Class,"View.TelasGerente.CadastroPromocao.cadastroPromocaoProduct.(Anon_8)",0
Class,"View.TelasGerente.CadastroPromocao.jjPanel7.(Anon_1)",0
Class,"View.TelasGerente.CadastroPromocao.jjPanel7.(Anon_2)",0
Class,"View.TelasGerente.CadastroPromocao.jjPanel7.(Anon_3)",0
Class,"View.TelasGerente.CadastroPromocao.jjPanel7.(Anon_4)",0
Class,"View.TelasGerente.CadastroPromocao.jjPanel7.(Anon_5)",0
Class,"View.TelasGerente.CadastroPromocao.main.(Anon_9)",0
Class,"View.TelasGerente.CadastroPromocao.mjPanel7.(Anon_6)",0
Public Class,"View.TelasGerente.CadastroPromocaoProduct",40
Public Class,"View.TelasGerente.CadastroPromocaoProduct2",50
Public Class,"View.TelasGerente.CadastroQuarto",14
Class,"View.TelasGerente.CadastroQuarto.jButton3.(Anon_2)",0
Class,"View.TelasGerente.CadastroQuarto.jPanel1Layout.(Anon_1)",0
Public Class,"View.TelasGerente.CadastroQuartoData",100
Public Class,"View.TelasGerente.CadastroQuartoDataC",0
Public Class,"View.TelasGerente.CadastroRecepcionista",68
Class,"View.TelasGerente.CadastroRecepcionista.jButton1.(Anon_1)",0
Class,"View.TelasGerente.CadastroRecepcionista.jButton1.(Anon_2)",0
Class,"View.TelasGerente.CadastroRecepcionista.jButton1.(Anon_3)",0
Class,"View.TelasGerente.CadastroRecepcionista.jButton1.(Anon_4)",0
Class,"View.TelasGerente.CadastroRecepcionista.jButton1.(Anon_5)",0
Public Class,"View.TelasGerente.CadastroRecepcionistaProduct",33
Class,"View.TelasGerente.CadastroRecepcionistaProduct.jButton2.(Anon_1)",0
Public Class,"View.TelasGerente.CadastroServico",61
Class,"View.TelasGerente.CadastroServico.tjPanel1.(Anon_1)",0
Class,"View.TelasGerente.CadastroServico.tjPanel1.(Anon_2)",0
Public Class,"View.TelasGerente.ConsultarRecepcionista",86
Class,"View.TelasGerente.ConsultarRecepcionista.jPanel7.(Anon_3)",0
Class,"View.TelasGerente.ConsultarRecepcionista.jPanel7.(Anon_4)",0
Class,"View.TelasGerente.ConsultarRecepcionista.jjPanel7.(Anon_1)",0
Class,"View.TelasGerente.ConsultarRecepcionista.jjPanel7.(Anon_2)",0
Class,"View.TelasGerente.ConsultarRecepcionista.kjPanel7.(Anon_5)",0
Class,"View.TelasGerente.ConsultarRecepcionista.main.(Anon_6)",0
Public Class,"View.TelasGerente.ConsultarRecepcionistaProduct",50
Public Class,"View.TelasGerente.ConsultarRecepcionistaProduct2",40
Public Class,"View.TelasGerente.EditarHospede",89
Class,"View.TelasGerente.EditarHospede.jButton5.(Anon_10)",0
Class,"View.TelasGerente.EditarHospede.jButton5.(Anon_11)",0
Class,"View.TelasGerente.EditarHospede.jButton5.(Anon_9)",0
Class,"View.TelasGerente.EditarHospede.jButton7.(Anon_8)",0
Class,"View.TelasGerente.EditarHospede.jPanel8.(Anon_4)",0
Class,"View.TelasGerente.EditarHospede.jPanel8.(Anon_5)",0
Class,"View.TelasGerente.EditarHospede.jPanel8.(Anon_6)",0
Class,"View.TelasGerente.EditarHospede.jPanel8.(Anon_7)",0
Class,"View.TelasGerente.EditarHospede.jjPanel8.(Anon_1)",0
Class,"View.TelasGerente.EditarHospede.jjPanel8.(Anon_2)",0
Class,"View.TelasGerente.EditarHospede.jjPanel8.(Anon_3)",0
Class,"View.TelasGerente.EditarHospede.main.(Anon_12)",0
Public Class,"View.TelasGerente.EditarHospedeProduct",50
Public Class,"View.TelasGerente.EditarReservas",88
Class,"View.TelasGerente.EditarReservas.jButton5.(Anon_8)",0
Class,"View.TelasGerente.EditarReservas.jButton6.(Anon_7)",0
Class,"View.TelasGerente.EditarReservas.jPanel8.(Anon_4)",0
Class,"View.TelasGerente.EditarReservas.jPanel8.(Anon_5)",0
Class,"View.TelasGerente.EditarReservas.jPanel8.(Anon_6)",0
Class,"View.TelasGerente.EditarReservas.jjPanel8.(Anon_1)",0
Class,"View.TelasGerente.EditarReservas.jjPanel8.(Anon_2)",0
Class,"View.TelasGerente.EditarReservas.jjPanel8.(Anon_3)",0
Class,"View.TelasGerente.EditarReservas.main.(Anon_9)",0
Public Class,"View.TelasGerente.EditarReservasProduct",50
Public Class,"View.TelasGerente.ListarQuartosMaisUsados",84
Class,"View.TelasGerente.ListarQuartosMaisUsados.jPanel7.(Anon_4)",0
Class,"View.TelasGerente.ListarQuartosMaisUsados.main.(Anon_5)",0
Class,"View.TelasGerente.ListarQuartosMaisUsados.rjPanel7.(Anon_1)",0
Class,"View.TelasGerente.ListarQuartosMaisUsados.rjPanel7.(Anon_2)",0
Class,"View.TelasGerente.ListarQuartosMaisUsados.rjPanel7.(Anon_3)",0
Public Class,"View.TelasGerente.ListarQuartosMaisUsadosProduct",50
Public Class,"View.TelasGerente.MenuGerente",34
Class,"View.TelasGerente.MenuGerente.jBtnConsultaRecepcionista.(Anon_8)",0
Class,"View.TelasGerente.MenuGerente.jBtnEditarHospede.(Anon_7)",0
Class,"View.TelasGerente.MenuGerente.jBtnEditarReserva.(Anon_6)",0
Class,"View.TelasGerente.MenuGerente.jBtnMaisUsados.(Anon_5)",0
Class,"View.TelasGerente.MenuGerente.jBtnPromocoes.(Anon_4)",0
Class,"View.TelasGerente.MenuGerente.jBtnRecepcionista.(Anon_11)",0
Class,"View.TelasGerente.MenuGerente.jBtnRecepcionista.(Anon_12)",0
Class,"View.TelasGerente.MenuGerente.jBtnRecepcionista.(Anon_13)",0
Class,"View.TelasGerente.MenuGerente.jBtnRelatorio.(Anon_10)",0
Class,"View.TelasGerente.MenuGerente.jBtnRelatorio1.(Anon_9)",0
Class,"View.TelasGerente.MenuGerente.jPanel3.(Anon_3)",0
Class,"View.TelasGerente.MenuGerente.main.(Anon_14)",0
Class,"View.TelasGerente.MenuGerente.yjPanel3.(Anon_1)",0
Class,"View.TelasGerente.MenuGerente.yjPanel3.(Anon_2)",0
Public Class,"View.TelasGerente.MenuGerenteData",90
Public Class,"View.TelasGerente.MenuGerenteDatar",0
Public Class,"View.TelasGerente.MenuGerenteProduct",0
Public Class,"View.TelasGerente.MenuGerenteProduct2",0
Public Class,"View.TelasGerente.MenuGerenteProduct2Data",100
Public Interface,"View.TelasGerente.cad",0
Public Interface,"View.TelasGerente.cada",0
Public Class,"View.TelasHospede.AlugarSalaoDeFesta",86
Class,"View.TelasHospede.AlugarSalaoDeFesta.initComponents.(Anon_1)",0
Class,"View.TelasHospede.AlugarSalaoDeFesta.initComponents.(Anon_2)",0
Class,"View.TelasHospede.AlugarSalaoDeFesta.initComponents.(Anon_3)",0
Class,"View.TelasHospede.AlugarSalaoDeFesta.jPanel7.(Anon_4)",0
Class,"View.TelasHospede.AlugarSalaoDeFesta.main.(Anon_5)",0
Public Class,"View.TelasHospede.AlugarSalaoDeFestaProduct",50
Public Class,"View.TelasHospede.AlugarSalaoDeFestaProduct2",33
Class,"View.TelasHospede.AlugarSalaoDeFestaProduct2.jButton4.(Anon_1)",0
Public Class,"View.TelasHospede.ListaDePromoções",26
Class,"View.TelasHospede.ListaDePromoções.jPanel7.(Anon_5)",0
Class,"View.TelasHospede.ListaDePromoções.jjPanel7.(Anon_1)",0
Class,"View.TelasHospede.ListaDePromoções.jjPanel7.(Anon_2)",0
Class,"View.TelasHospede.ListaDePromoções.jjPanel7.(Anon_3)",0
Class,"View.TelasHospede.ListaDePromoções.jjPanel7.(Anon_4)",0
Class,"View.TelasHospede.ListaDePromoções.main.(Anon_6)",0
Public Class,"View.TelasHospede.ListaDePromoçõesData",100
Public Class,"View.TelasHospede.MenuHospede",26
Class,"View.TelasHospede.MenuHospede.jPanel3.(Anon_1)",0
Class,"View.TelasHospede.MenuHospede.jPanel5.(Anon_2)",0
Class,"View.TelasHospede.MenuHospede.jPanel5.(Anon_3)",0
Class,"View.TelasHospede.MenuHospede.main.(Anon_4)",0
Public Class,"View.TelasHospede.MenuHospedeData",91
Public Class,"View.TelasHospede.MenuHospedeProduct",71
Class,"View.TelasHospede.MenuHospedeProduct.jBtnAlugarSalaoFesta.(Anon_1)",0
Class,"View.TelasHospede.MenuHospedeProduct.jBtnListarPromocoes.(Anon_2)",0
Class,"View.TelasHospede.MenuHospedeProduct.jBtnSolicitarServico.(Anon_3)",0
Public Class,"View.TelasHospede.SolicitarServico",85
Class,"View.TelasHospede.SolicitarServico.djPanel7.(Anon_2)",0
Class,"View.TelasHospede.SolicitarServico.djPanel7.(Anon_3)",0
Class,"View.TelasHospede.SolicitarServico.initComponents.(Anon_1)",0
Class,"View.TelasHospede.SolicitarServico.jButton4.(Anon_5)",0
Class,"View.TelasHospede.SolicitarServico.jPanel7.(Anon_4)",0
Class,"View.TelasHospede.SolicitarServico.main.(Anon_6)",0
Public Class,"View.TelasHospede.SolicitarServicoProduct",16
Public Class,"View.TelasHospede.SolicitarServicoProduct2",50
Public Interface,"View.TelasHospede.tes",0
Public Class,"View.TelasRecepcionista.CadastroHospede",65
Class,"View.TelasRecepcionista.CadastroHospede.jLabel1.(Anon_1)",0
Class,"View.TelasRecepcionista.CadastroHospede.jLabel1.(Anon_2)",0
Class,"View.TelasRecepcionista.CadastroHospede.jLabel1.(Anon_3)",0
Class,"View.TelasRecepcionista.CadastroHospede.jLabel1.(Anon_4)",0
Public Class,"View.TelasRecepcionista.ConsultarHospede",87
Class,"View.TelasRecepcionista.ConsultarHospede.initComponents.(Anon_1)",0
Class,"View.TelasRecepcionista.ConsultarHospede.initComponents.(Anon_2)",0
Class,"View.TelasRecepcionista.ConsultarHospede.initComponents.(Anon_3)",0
Class,"View.TelasRecepcionista.ConsultarHospede.jPanel1.(Anon_4)",0
Class,"View.TelasRecepcionista.ConsultarHospede.jPanel1.(Anon_5)",0
Class,"View.TelasRecepcionista.ConsultarHospede.jPanel1.(Anon_6)",0
Class,"View.TelasRecepcionista.ConsultarHospede.main.(Anon_7)",0
Public Class,"View.TelasRecepcionista.ConsultarHospedeProduct",40
Public Class,"View.TelasRecepcionista.ConsultarHospedeProduct2",50
Public Class,"View.TelasRecepcionista.ConsultarQuarto",84
Class,"View.TelasRecepcionista.ConsultarQuarto.jPanel1.(Anon_4)",0
Class,"View.TelasRecepcionista.ConsultarQuarto.ljPanel1.(Anon_1)",0
Class,"View.TelasRecepcionista.ConsultarQuarto.ljPanel1.(Anon_2)",0
Class,"View.TelasRecepcionista.ConsultarQuarto.ljPanel1.(Anon_3)",0
Class,"View.TelasRecepcionista.ConsultarQuarto.main.(Anon_5)",0
Public Class,"View.TelasRecepcionista.ConsultarQuartoProduct",50
Public Class,"View.TelasRecepcionista.ConsultarReserva",85
Class,"View.TelasRecepcionista.ConsultarReserva.initComponents.(Anon_1)",0
Class,"View.TelasRecepcionista.ConsultarReserva.initComponents.(Anon_2)",0
Class,"View.TelasRecepcionista.ConsultarReserva.initComponents.(Anon_3)",0
Class,"View.TelasRecepcionista.ConsultarReserva.jPanel3.(Anon_4)",0
Class,"View.TelasRecepcionista.ConsultarReserva.main.(Anon_5)",0
Public Class,"View.TelasRecepcionista.ConsultarReservaProduct",50
Public Class,"View.TelasRecepcionista.ExcluirHospede",88
Class,"View.TelasRecepcionista.ExcluirHospede.initComponents.(Anon_1)",0
Class,"View.TelasRecepcionista.ExcluirHospede.initComponents.(Anon_2)",0
Class,"View.TelasRecepcionista.ExcluirHospede.initComponents.(Anon_3)",0
Class,"View.TelasRecepcionista.ExcluirHospede.jButton4.(Anon_6)",0
Class,"View.TelasRecepcionista.ExcluirHospede.jButton4.(Anon_7)",0
Class,"View.TelasRecepcionista.ExcluirHospede.jPanel7.(Anon_4)",0
Class,"View.TelasRecepcionista.ExcluirHospede.jTable4.(Anon_5)",0
Class,"View.TelasRecepcionista.ExcluirHospede.main.(Anon_8)",0
Public Class,"View.TelasRecepcionista.ExcluirHospedeProduct",50
Public Class,"View.TelasRecepcionista.FecharEstadia",88
Class,"View.TelasRecepcionista.FecharEstadia.initComponents.(Anon_1)",0
Class,"View.TelasRecepcionista.FecharEstadia.initComponents.(Anon_2)",0
Class,"View.TelasRecepcionista.FecharEstadia.initComponents.(Anon_3)",0
Class,"View.TelasRecepcionista.FecharEstadia.jPanel7.(Anon_4)",0
Class,"View.TelasRecepcionista.FecharEstadia.jPanel7.(Anon_5)",0
Class,"View.TelasRecepcionista.FecharEstadia.jPanel7.(Anon_6)",0
Class,"View.TelasRecepcionista.FecharEstadia.main.(Anon_7)",0
Public Class,"View.TelasRecepcionista.FecharEstadiaProduct",50
Public Class,"View.TelasRecepcionista.FecharEstadiaProduct2",33
Class,"View.TelasRecepcionista.FecharEstadiaProduct2.jButton4.(Anon_1)",0
Public Class,"View.TelasRecepcionista.MenuRecepcionista",39
Class,"View.TelasRecepcionista.MenuRecepcionista.jBtnConsultarHospede.(Anon_6)",0
Class,"View.TelasRecepcionista.MenuRecepcionista.jBtnExcluirHospede.(Anon_5)",0
Class,"View.TelasRecepcionista.MenuRecepcionista.jButton6.(Anon_4)",0
Class,"View.TelasRecepcionista.MenuRecepcionista.jButton7.(Anon_7)",0
Class,"View.TelasRecepcionista.MenuRecepcionista.jPanel3.(Anon_1)",0
Class,"View.TelasRecepcionista.MenuRecepcionista.jPanel4.(Anon_2)",0
Class,"View.TelasRecepcionista.MenuRecepcionista.jPanel4.(Anon_3)",0
Class,"View.TelasRecepcionista.MenuRecepcionista.jPanel5.(Anon_8)",0
Class,"View.TelasRecepcionista.MenuRecepcionista.jPanel5.(Anon_9)",0
Class,"View.TelasRecepcionista.MenuRecepcionista.main.(Anon_10)",0
Public Class,"View.TelasRecepcionista.MenuRecepcionistaData",90
Public Class,"View.TelasRecepcionista.MenuRecepcionistaProduct",33
Class,"View.TelasRecepcionista.MenuRecepcionistaProduct.jBtnConsultarQuarto.(Anon_1)",0
Public Class,"View.TelasRecepcionista.MenuRecepcionistaProduct2",33
Class,"View.TelasRecepcionista.MenuRecepcionistaProduct2.jBtnConsultarReserva.(Anon_1)",0
Public Class,"View.TelasRecepcionista.ReservarQuarto",88
Class,"View.TelasRecepcionista.ReservarQuarto.jButton4.(Anon_6)",0
Class,"View.TelasRecepcionista.ReservarQuarto.jPanel7.(Anon_5)",0
Class,"View.TelasRecepcionista.ReservarQuarto.jTable1.(Anon_3)",0
Class,"View.TelasRecepcionista.ReservarQuarto.jTable1.(Anon_4)",0
Class,"View.TelasRecepcionista.ReservarQuarto.jjPanel7.(Anon_1)",0
Class,"View.TelasRecepcionista.ReservarQuarto.jjPanel7.(Anon_2)",0
Class,"View.TelasRecepcionista.ReservarQuarto.main.(Anon_7)",0
Public Class,"View.TelasRecepcionista.ReservarQuartoProduct",50
Public Class,"conexao.ConnectionFactory",75
Public Class,"model.bean.Gerente",89
Public Class,"model.bean.Hospede",95
Public Class,"model.bean.Quarto",91
Public Class,"model.bean.Recepcionista",91
Public Class,"model.bean.SalaoFesta",77
Public Class,"model.bean.Servico",87
Public Class,"model.dao.GerenteDAO",0
Public Class,"model.dao.HospedeDAO",0
Public Class,"model.dao.QuartoDAO",0
Public Class,"model.dao.RecepcionistaDAO",0
Public Class,"model.dao.SaloesDAO",0
Public Class,"model.dao.ServicoDAO",0
