Kind,Name,MaxInheritanceTree,CountClassDerived,CountClassBase,CountClassCoupled
Public Class,"View.TelasADM.CadastroGerente",2,0,1,3
Class,"View.TelasADM.CadastroGerente.jjPanel1.(Anon_1)",1,0,2,1
Class,"View.TelasADM.CadastroGerente.jjPanel1.(Anon_2)",1,0,2,1
Class,"View.TelasADM.CadastroGerente.jjPanel1.(Anon_3)",1,0,2,1
Class,"View.TelasADM.CadastroGerente.jjPanel1.(Anon_4)",1,0,2,1
Class,"View.TelasADM.CadastroGerente.jjPanel1.(Anon_5)",1,0,2,1
Class,"View.TelasADM.CadastroGerente.jjPanel1.(Anon_6)",1,0,2,1
Class,"View.TelasADM.CadastroGerente.jjPanel1.(Anon_7)",1,0,2,1
Public Class,"View.TelasADM.MenuADM",2,0,1,4
Class,"View.TelasADM.MenuADM.jButton3.(Anon_3)",1,0,2,1
Class,"View.TelasADM.MenuADM.jDesktopPane2Layout.(Anon_2)",1,0,2,1
Class,"View.TelasADM.MenuADM.jPanel1.(Anon_1)",1,0,2,1
Class,"View.TelasADM.MenuADM.jPanel3.(Anon_4)",1,0,2,1
Class,"View.TelasADM.MenuADM.jPanel3.(Anon_5)",1,0,2,1
Class,"View.TelasADM.MenuADM.main.(Anon_6)",1,0,2,1
Public Class,"View.TelasADM.MenuADMProduct",1,0,2,1
Class,"View.TelasADM.MenuADMProduct.jButton1.(Anon_1)",1,0,2,1
Public Class,"View.TelasGerais.EsqueciSenha",2,0,1,5
Class,"View.TelasGerais.EsqueciSenha.initComponents.(Anon_1)",1,0,2,1
Class,"View.TelasGerais.EsqueciSenha.initComponents.(Anon_2)",1,0,2,2
Class,"View.TelasGerais.EsqueciSenha.jBntVerificar.(Anon_4)",1,0,2,1
Class,"View.TelasGerais.EsqueciSenha.jBntVerificar.(Anon_5)",1,0,2,1
Class,"View.TelasGerais.EsqueciSenha.jBntVerificar.(Anon_6)",1,0,2,1
Class,"View.TelasGerais.EsqueciSenha.jPanel2.(Anon_3)",1,0,2,1
Class,"View.TelasGerais.EsqueciSenha.main.(Anon_7)",1,0,2,1
Public Class,"View.TelasGerais.EsqueciSenhaProduct",1,0,2,1
Public Class,"View.TelasGerais.Login",2,0,1,9
Class,"View.TelasGerais.Login.hjPanel1.(Anon_1)",1,0,2,1
Class,"View.TelasGerais.Login.hjPanel1.(Anon_2)",1,0,2,1
Class,"View.TelasGerais.Login.jBntEntrar.(Anon_9)",1,0,2,1
Class,"View.TelasGerais.Login.jPanel1.(Anon_3)",1,0,2,1
Class,"View.TelasGerais.Login.jPanel1.(Anon_4)",1,0,2,2
Class,"View.TelasGerais.Login.jPanel1.(Anon_5)",1,0,2,1
Class,"View.TelasGerais.Login.jPanel1.(Anon_6)",1,0,2,1
Class,"View.TelasGerais.Login.jPanel1.(Anon_7)",1,0,2,1
Class,"View.TelasGerais.Login.jPanel1.(Anon_8)",1,0,2,1
Class,"View.TelasGerais.Login.jTextField1.(Anon_10)",1,0,2,1
Class,"View.TelasGerais.Login.jTextField1.(Anon_11)",1,0,2,1
Class,"View.TelasGerais.Login.main.(Anon_12)",1,0,2,1
Public Class,"View.TelasGerais.LoginProduct",1,0,2,0
Public Class,"View.TelasGerais.TelaSplash",2,0,1,1
Class,"View.TelasGerais.TelaSplash.main.(Anon_1)",1,0,2,1
Public Class,"View.TelasGerais.TelaSplashProduct",1,0,2,1
Class,"View.TelasGerais.TelaSplashProduct.formWindowOpened.(Anon_2)",1,0,2,2
Class,"View.TelasGerais.TelaSplashProduct.jLabel15.(Anon_1)",1,0,2,1
Public Class,"View.TelasGerente.CadastroPromocao",2,0,1,7
Class,"View.TelasGerente.CadastroPromocao.cadastroPromocaoProduct.(Anon_7)",1,0,2,1
Class,"View.TelasGerente.CadastroPromocao.cadastroPromocaoProduct.(Anon_8)",1,0,2,1
Class,"View.TelasGerente.CadastroPromocao.jjPanel7.(Anon_1)",1,0,2,0
Class,"View.TelasGerente.CadastroPromocao.jjPanel7.(Anon_2)",1,0,2,1
Class,"View.TelasGerente.CadastroPromocao.jjPanel7.(Anon_3)",1,0,2,0
Class,"View.TelasGerente.CadastroPromocao.jjPanel7.(Anon_4)",1,0,2,1
Class,"View.TelasGerente.CadastroPromocao.jjPanel7.(Anon_5)",1,0,2,1
Class,"View.TelasGerente.CadastroPromocao.main.(Anon_9)",1,0,2,1
Class,"View.TelasGerente.CadastroPromocao.mjPanel7.(Anon_6)",1,0,2,1
Public Class,"View.TelasGerente.CadastroPromocaoProduct",1,0,2,0
Public Class,"View.TelasGerente.CadastroPromocaoProduct2",1,0,2,1
Public Class,"View.TelasGerente.CadastroQuarto",2,0,3,4
Class,"View.TelasGerente.CadastroQuarto.jButton3.(Anon_2)",1,0,2,1
Class,"View.TelasGerente.CadastroQuarto.jPanel1Layout.(Anon_1)",1,0,2,1
Public Class,"View.TelasGerente.CadastroQuartoData",1,0,1,0
Public Class,"View.TelasGerente.CadastroQuartoDataC",1,0,1,1
Public Class,"View.TelasGerente.CadastroRecepcionista",2,0,1,5
Class,"View.TelasGerente.CadastroRecepcionista.jButton1.(Anon_1)",1,0,2,1
Class,"View.TelasGerente.CadastroRecepcionista.jButton1.(Anon_2)",1,0,2,1
Class,"View.TelasGerente.CadastroRecepcionista.jButton1.(Anon_3)",1,0,2,1
Class,"View.TelasGerente.CadastroRecepcionista.jButton1.(Anon_4)",1,0,2,1
Class,"View.TelasGerente.CadastroRecepcionista.jButton1.(Anon_5)",1,0,2,1
Public Class,"View.TelasGerente.CadastroRecepcionistaProduct",1,0,2,1
Class,"View.TelasGerente.CadastroRecepcionistaProduct.jButton2.(Anon_1)",1,0,2,1
Public Class,"View.TelasGerente.CadastroServico",2,0,1,2
Class,"View.TelasGerente.CadastroServico.tjPanel1.(Anon_1)",1,0,2,1
Class,"View.TelasGerente.CadastroServico.tjPanel1.(Anon_2)",1,0,2,1
Public Class,"View.TelasGerente.ConsultarRecepcionista",2,0,1,6
Class,"View.TelasGerente.ConsultarRecepcionista.jPanel7.(Anon_3)",1,0,2,1
Class,"View.TelasGerente.ConsultarRecepcionista.jPanel7.(Anon_4)",1,0,2,1
Class,"View.TelasGerente.ConsultarRecepcionista.jjPanel7.(Anon_1)",1,0,2,1
Class,"View.TelasGerente.ConsultarRecepcionista.jjPanel7.(Anon_2)",1,0,2,1
Class,"View.TelasGerente.ConsultarRecepcionista.kjPanel7.(Anon_5)",1,0,2,1
Class,"View.TelasGerente.ConsultarRecepcionista.main.(Anon_6)",1,0,2,1
Public Class,"View.TelasGerente.ConsultarRecepcionistaProduct",1,0,2,1
Public Class,"View.TelasGerente.ConsultarRecepcionistaProduct2",1,0,2,1
Public Class,"View.TelasGerente.EditarHospede",2,0,1,5
Class,"View.TelasGerente.EditarHospede.jButton5.(Anon_10)",1,0,2,1
Class,"View.TelasGerente.EditarHospede.jButton5.(Anon_11)",1,0,2,0
Class,"View.TelasGerente.EditarHospede.jButton5.(Anon_9)",1,0,2,1
Class,"View.TelasGerente.EditarHospede.jButton7.(Anon_8)",1,0,2,1
Class,"View.TelasGerente.EditarHospede.jPanel8.(Anon_4)",1,0,2,1
Class,"View.TelasGerente.EditarHospede.jPanel8.(Anon_5)",1,0,2,1
Class,"View.TelasGerente.EditarHospede.jPanel8.(Anon_6)",1,0,2,1
Class,"View.TelasGerente.EditarHospede.jPanel8.(Anon_7)",1,0,2,1
Class,"View.TelasGerente.EditarHospede.jjPanel8.(Anon_1)",1,0,2,1
Class,"View.TelasGerente.EditarHospede.jjPanel8.(Anon_2)",1,0,2,1
Class,"View.TelasGerente.EditarHospede.jjPanel8.(Anon_3)",1,0,2,1
Class,"View.TelasGerente.EditarHospede.main.(Anon_12)",1,0,2,1
Public Class,"View.TelasGerente.EditarHospedeProduct",1,0,2,1
Public Class,"View.TelasGerente.EditarReservas",2,0,1,6
Class,"View.TelasGerente.EditarReservas.jButton5.(Anon_8)",1,0,2,1
Class,"View.TelasGerente.EditarReservas.jButton6.(Anon_7)",1,0,2,1
Class,"View.TelasGerente.EditarReservas.jPanel8.(Anon_4)",1,0,2,1
Class,"View.TelasGerente.EditarReservas.jPanel8.(Anon_5)",1,0,2,1
Class,"View.TelasGerente.EditarReservas.jPanel8.(Anon_6)",1,0,2,1
Class,"View.TelasGerente.EditarReservas.jjPanel8.(Anon_1)",1,0,2,0
Class,"View.TelasGerente.EditarReservas.jjPanel8.(Anon_2)",1,0,2,1
Class,"View.TelasGerente.EditarReservas.jjPanel8.(Anon_3)",1,0,2,1
Class,"View.TelasGerente.EditarReservas.main.(Anon_9)",1,0,2,1
Public Class,"View.TelasGerente.EditarReservasProduct",1,0,2,1
Public Class,"View.TelasGerente.ListarQuartosMaisUsados",2,0,1,4
Class,"View.TelasGerente.ListarQuartosMaisUsados.jPanel7.(Anon_4)",1,0,2,1
Class,"View.TelasGerente.ListarQuartosMaisUsados.main.(Anon_5)",1,0,2,1
Class,"View.TelasGerente.ListarQuartosMaisUsados.rjPanel7.(Anon_1)",1,0,2,0
Class,"View.TelasGerente.ListarQuartosMaisUsados.rjPanel7.(Anon_2)",1,0,2,1
Class,"View.TelasGerente.ListarQuartosMaisUsados.rjPanel7.(Anon_3)",1,0,2,1
Public Class,"View.TelasGerente.ListarQuartosMaisUsadosProduct",1,0,2,1
Public Class,"View.TelasGerente.MenuGerente",2,0,1,11
Class,"View.TelasGerente.MenuGerente.jBtnConsultaRecepcionista.(Anon_8)",1,0,2,1
Class,"View.TelasGerente.MenuGerente.jBtnEditarHospede.(Anon_7)",1,0,2,1
Class,"View.TelasGerente.MenuGerente.jBtnEditarReserva.(Anon_6)",1,0,2,1
Class,"View.TelasGerente.MenuGerente.jBtnMaisUsados.(Anon_5)",1,0,2,1
Class,"View.TelasGerente.MenuGerente.jBtnPromocoes.(Anon_4)",1,0,2,1
Class,"View.TelasGerente.MenuGerente.jBtnRecepcionista.(Anon_11)",1,0,2,4
Class,"View.TelasGerente.MenuGerente.jBtnRecepcionista.(Anon_12)",1,0,2,4
Class,"View.TelasGerente.MenuGerente.jBtnRecepcionista.(Anon_13)",1,0,2,4
Class,"View.TelasGerente.MenuGerente.jBtnRelatorio.(Anon_10)",1,0,2,1
Class,"View.TelasGerente.MenuGerente.jBtnRelatorio1.(Anon_9)",1,0,2,1
Class,"View.TelasGerente.MenuGerente.jPanel3.(Anon_3)",1,0,2,1
Class,"View.TelasGerente.MenuGerente.main.(Anon_14)",1,0,2,1
Class,"View.TelasGerente.MenuGerente.yjPanel3.(Anon_1)",1,0,2,1
Class,"View.TelasGerente.MenuGerente.yjPanel3.(Anon_2)",1,0,2,1
Public Class,"View.TelasGerente.MenuGerenteData",1,0,1,2
Public Class,"View.TelasGerente.MenuGerenteDatar",1,0,1,1
Public Class,"View.TelasGerente.MenuGerenteProduct",1,0,2,3
Public Class,"View.TelasGerente.MenuGerenteProduct2",1,0,2,2
Public Class,"View.TelasGerente.MenuGerenteProduct2Data",1,0,1,0
Public Interface,"View.TelasGerente.cad",0,1,0,0
Public Interface,"View.TelasGerente.cada",0,1,0,0
Public Class,"View.TelasHospede.AlugarSalaoDeFesta",2,0,1,7
Class,"View.TelasHospede.AlugarSalaoDeFesta.initComponents.(Anon_1)",1,0,2,0
Class,"View.TelasHospede.AlugarSalaoDeFesta.initComponents.(Anon_2)",1,0,2,1
Class,"View.TelasHospede.AlugarSalaoDeFesta.initComponents.(Anon_3)",1,0,2,1
Class,"View.TelasHospede.AlugarSalaoDeFesta.jPanel7.(Anon_4)",1,0,2,1
Class,"View.TelasHospede.AlugarSalaoDeFesta.main.(Anon_5)",1,0,2,1
Public Class,"View.TelasHospede.AlugarSalaoDeFestaProduct",1,0,2,1
Public Class,"View.TelasHospede.AlugarSalaoDeFestaProduct2",1,0,2,1
Class,"View.TelasHospede.AlugarSalaoDeFestaProduct2.jButton4.(Anon_1)",1,0,2,2
Public Class,"View.TelasHospede.ListaDePromoções",2,0,2,6
Class,"View.TelasHospede.ListaDePromoções.jPanel7.(Anon_5)",1,0,2,1
Class,"View.TelasHospede.ListaDePromoções.jjPanel7.(Anon_1)",1,0,2,0
Class,"View.TelasHospede.ListaDePromoções.jjPanel7.(Anon_2)",1,0,2,0
Class,"View.TelasHospede.ListaDePromoções.jjPanel7.(Anon_3)",1,0,2,1
Class,"View.TelasHospede.ListaDePromoções.jjPanel7.(Anon_4)",1,0,2,1
Class,"View.TelasHospede.ListaDePromoções.main.(Anon_6)",1,0,2,1
Public Class,"View.TelasHospede.ListaDePromoçõesData",1,0,1,0
Public Class,"View.TelasHospede.MenuHospede",2,0,1,3
Class,"View.TelasHospede.MenuHospede.jPanel3.(Anon_1)",1,0,2,1
Class,"View.TelasHospede.MenuHospede.jPanel5.(Anon_2)",1,0,2,1
Class,"View.TelasHospede.MenuHospede.jPanel5.(Anon_3)",1,0,2,1
Class,"View.TelasHospede.MenuHospede.main.(Anon_4)",1,0,2,1
Public Class,"View.TelasHospede.MenuHospedeData",1,0,1,1
Public Class,"View.TelasHospede.MenuHospedeProduct",1,0,2,4
Class,"View.TelasHospede.MenuHospedeProduct.jBtnAlugarSalaoFesta.(Anon_1)",1,0,2,1
Class,"View.TelasHospede.MenuHospedeProduct.jBtnListarPromocoes.(Anon_2)",1,0,2,1
Class,"View.TelasHospede.MenuHospedeProduct.jBtnSolicitarServico.(Anon_3)",1,0,2,1
Public Class,"View.TelasHospede.SolicitarServico",2,0,1,3
Class,"View.TelasHospede.SolicitarServico.djPanel7.(Anon_2)",1,0,2,1
Class,"View.TelasHospede.SolicitarServico.djPanel7.(Anon_3)",1,0,2,1
Class,"View.TelasHospede.SolicitarServico.initComponents.(Anon_1)",1,0,2,0
Class,"View.TelasHospede.SolicitarServico.jButton4.(Anon_5)",1,0,2,2
Class,"View.TelasHospede.SolicitarServico.jPanel7.(Anon_4)",1,0,2,1
Class,"View.TelasHospede.SolicitarServico.main.(Anon_6)",1,0,2,1
Public Class,"View.TelasHospede.SolicitarServicoProduct",1,0,2,5
Public Class,"View.TelasHospede.SolicitarServicoProduct2",1,0,2,1
Public Interface,"View.TelasHospede.tes",0,1,0,0
Public Class,"View.TelasRecepcionista.CadastroHospede",2,0,1,3
Class,"View.TelasRecepcionista.CadastroHospede.jLabel1.(Anon_1)",1,0,2,1
Class,"View.TelasRecepcionista.CadastroHospede.jLabel1.(Anon_2)",1,0,2,1
Class,"View.TelasRecepcionista.CadastroHospede.jLabel1.(Anon_3)",1,0,2,1
Class,"View.TelasRecepcionista.CadastroHospede.jLabel1.(Anon_4)",1,0,2,1
Public Class,"View.TelasRecepcionista.ConsultarHospede",2,0,1,6
Class,"View.TelasRecepcionista.ConsultarHospede.initComponents.(Anon_1)",1,0,2,0
Class,"View.TelasRecepcionista.ConsultarHospede.initComponents.(Anon_2)",1,0,2,1
Class,"View.TelasRecepcionista.ConsultarHospede.initComponents.(Anon_3)",1,0,2,1
Class,"View.TelasRecepcionista.ConsultarHospede.jPanel1.(Anon_4)",1,0,2,1
Class,"View.TelasRecepcionista.ConsultarHospede.jPanel1.(Anon_5)",1,0,2,1
Class,"View.TelasRecepcionista.ConsultarHospede.jPanel1.(Anon_6)",1,0,2,1
Class,"View.TelasRecepcionista.ConsultarHospede.main.(Anon_7)",1,0,2,1
Public Class,"View.TelasRecepcionista.ConsultarHospedeProduct",1,0,2,1
Public Class,"View.TelasRecepcionista.ConsultarHospedeProduct2",1,0,2,1
Public Class,"View.TelasRecepcionista.ConsultarQuarto",2,0,1,5
Class,"View.TelasRecepcionista.ConsultarQuarto.jPanel1.(Anon_4)",1,0,2,1
Class,"View.TelasRecepcionista.ConsultarQuarto.ljPanel1.(Anon_1)",1,0,2,0
Class,"View.TelasRecepcionista.ConsultarQuarto.ljPanel1.(Anon_2)",1,0,2,1
Class,"View.TelasRecepcionista.ConsultarQuarto.ljPanel1.(Anon_3)",1,0,2,1
Class,"View.TelasRecepcionista.ConsultarQuarto.main.(Anon_5)",1,0,2,1
Public Class,"View.TelasRecepcionista.ConsultarQuartoProduct",1,0,2,1
Public Class,"View.TelasRecepcionista.ConsultarReserva",2,0,1,6
Class,"View.TelasRecepcionista.ConsultarReserva.initComponents.(Anon_1)",1,0,2,0
Class,"View.TelasRecepcionista.ConsultarReserva.initComponents.(Anon_2)",1,0,2,1
Class,"View.TelasRecepcionista.ConsultarReserva.initComponents.(Anon_3)",1,0,2,1
Class,"View.TelasRecepcionista.ConsultarReserva.jPanel3.(Anon_4)",1,0,2,1
Class,"View.TelasRecepcionista.ConsultarReserva.main.(Anon_5)",1,0,2,1
Public Class,"View.TelasRecepcionista.ConsultarReservaProduct",1,0,2,1
Public Class,"View.TelasRecepcionista.ExcluirHospede",2,0,1,6
Class,"View.TelasRecepcionista.ExcluirHospede.initComponents.(Anon_1)",1,0,2,0
Class,"View.TelasRecepcionista.ExcluirHospede.initComponents.(Anon_2)",1,0,2,1
Class,"View.TelasRecepcionista.ExcluirHospede.initComponents.(Anon_3)",1,0,2,1
Class,"View.TelasRecepcionista.ExcluirHospede.jButton4.(Anon_6)",1,0,2,1
Class,"View.TelasRecepcionista.ExcluirHospede.jButton4.(Anon_7)",1,0,2,1
Class,"View.TelasRecepcionista.ExcluirHospede.jPanel7.(Anon_4)",1,0,2,1
Class,"View.TelasRecepcionista.ExcluirHospede.jTable4.(Anon_5)",1,0,2,1
Class,"View.TelasRecepcionista.ExcluirHospede.main.(Anon_8)",1,0,2,1
Public Class,"View.TelasRecepcionista.ExcluirHospedeProduct",1,0,2,1
Public Class,"View.TelasRecepcionista.FecharEstadia",2,0,1,7
Class,"View.TelasRecepcionista.FecharEstadia.initComponents.(Anon_1)",1,0,2,0
Class,"View.TelasRecepcionista.FecharEstadia.initComponents.(Anon_2)",1,0,2,1
Class,"View.TelasRecepcionista.FecharEstadia.initComponents.(Anon_3)",1,0,2,1
Class,"View.TelasRecepcionista.FecharEstadia.jPanel7.(Anon_4)",1,0,2,1
Class,"View.TelasRecepcionista.FecharEstadia.jPanel7.(Anon_5)",1,0,2,1
Class,"View.TelasRecepcionista.FecharEstadia.jPanel7.(Anon_6)",1,0,2,1
Class,"View.TelasRecepcionista.FecharEstadia.main.(Anon_7)",1,0,2,1
Public Class,"View.TelasRecepcionista.FecharEstadiaProduct",1,0,2,1
Public Class,"View.TelasRecepcionista.FecharEstadiaProduct2",1,0,2,1
Class,"View.TelasRecepcionista.FecharEstadiaProduct2.jButton4.(Anon_1)",1,0,2,2
Public Class,"View.TelasRecepcionista.MenuRecepcionista",2,0,1,9
Class,"View.TelasRecepcionista.MenuRecepcionista.jBtnConsultarHospede.(Anon_6)",1,0,2,1
Class,"View.TelasRecepcionista.MenuRecepcionista.jBtnExcluirHospede.(Anon_5)",1,0,2,1
Class,"View.TelasRecepcionista.MenuRecepcionista.jButton6.(Anon_4)",1,0,2,1
Class,"View.TelasRecepcionista.MenuRecepcionista.jButton7.(Anon_7)",1,0,2,1
Class,"View.TelasRecepcionista.MenuRecepcionista.jPanel3.(Anon_1)",1,0,2,1
Class,"View.TelasRecepcionista.MenuRecepcionista.jPanel4.(Anon_2)",1,0,2,1
Class,"View.TelasRecepcionista.MenuRecepcionista.jPanel4.(Anon_3)",1,0,2,1
Class,"View.TelasRecepcionista.MenuRecepcionista.jPanel5.(Anon_8)",1,0,2,1
Class,"View.TelasRecepcionista.MenuRecepcionista.jPanel5.(Anon_9)",1,0,2,1
Class,"View.TelasRecepcionista.MenuRecepcionista.main.(Anon_10)",1,0,2,1
Public Class,"View.TelasRecepcionista.MenuRecepcionistaData",1,0,1,2
Public Class,"View.TelasRecepcionista.MenuRecepcionistaProduct",1,0,2,2
Class,"View.TelasRecepcionista.MenuRecepcionistaProduct.jBtnConsultarQuarto.(Anon_1)",1,0,2,1
Public Class,"View.TelasRecepcionista.MenuRecepcionistaProduct2",1,0,2,2
Class,"View.TelasRecepcionista.MenuRecepcionistaProduct2.jBtnConsultarReserva.(Anon_1)",1,0,2,1
Public Class,"View.TelasRecepcionista.ReservarQuarto",2,0,1,7
Class,"View.TelasRecepcionista.ReservarQuarto.jButton4.(Anon_6)",1,0,2,1
Class,"View.TelasRecepcionista.ReservarQuarto.jPanel7.(Anon_5)",1,0,2,1
Class,"View.TelasRecepcionista.ReservarQuarto.jTable1.(Anon_3)",1,0,2,1
Class,"View.TelasRecepcionista.ReservarQuarto.jTable1.(Anon_4)",1,0,2,1
Class,"View.TelasRecepcionista.ReservarQuarto.jjPanel7.(Anon_1)",1,0,2,1
Class,"View.TelasRecepcionista.ReservarQuarto.jjPanel7.(Anon_2)",1,0,2,1
Class,"View.TelasRecepcionista.ReservarQuarto.main.(Anon_7)",1,0,2,1
Public Class,"View.TelasRecepcionista.ReservarQuartoProduct",1,0,2,1
Public Class,"conexao.ConnectionFactory",1,0,1,0
Public Class,"model.bean.Gerente",1,0,1,2
Public Class,"model.bean.Hospede",1,0,1,8
Public Class,"model.bean.Quarto",1,0,1,2
Public Class,"model.bean.Recepcionista",1,0,1,2
Public Class,"model.bean.SalaoFesta",1,0,1,1
Public Class,"model.bean.Servico",1,0,1,1
Public Class,"model.dao.GerenteDAO",1,0,1,1
Public Class,"model.dao.HospedeDAO",1,0,1,3
Public Class,"model.dao.QuartoDAO",1,0,1,3
Public Class,"model.dao.RecepcionistaDAO",1,0,1,2
Public Class,"model.dao.SaloesDAO",1,0,1,2
Public Class,"model.dao.ServicoDAO",1,0,1,2
