Kind,Name,MaxInheritanceTree,CountClassDerived,CountClassBase,CountClassCoupled
Public Class,"DAO.AgendaDAO",1,0,1,11
Public Class,"DAO.AvaliacaoDAO",1,0,1,7
Public Class,"DAO.ConectionFactory",1,0,1,0
Public Class,"DAO.ConsultaDAO",1,0,1,5
Public Class,"DAO.EnderecoDAO",1,0,1,1
Public Class,"DAO.EspecialidadeDAO",1,0,1,2
Public Class,"DAO.HorarioDAO",1,0,1,2
Public Class,"DAO.PacienteDAO",1,0,1,6
Public Class,"DAO.ProcedimentoDAO",1,0,1,2
Public Class,"DAO.ProfissionalDAO",1,0,1,7
Public Class,"DAO.UsuarioDAO",1,0,1,4
Public Class,"clinicalife.ClinicaLife",1,0,1,1
Public Generic Class,"comboBox.GenericComboBox",2,0,2,0
TypeVariable,"comboBox.GenericComboBox.E",1,0,1,0
Public Class,"controller.AgendaController",1,0,1,3
Public Class,"controller.AvaliacaoController",1,0,1,2
Public Class,"controller.ConsultaController",1,0,1,2
Public Class,"controller.EspecialidadeController",1,0,1,2
Public Class,"controller.PacienteController",1,0,1,2
Public Class,"controller.ProcedimentoController",1,0,1,2
Public Class,"controller.ProfissionalController",1,0,1,2
Public Class,"controller.UsuarioController",1,0,1,2
Public Class,"controller.WebServiceCep",1,0,1,3
Private Static Class,"controller.WebServiceCep.IterableElement",1,0,2,0
Private Enum Type,"controller.WebServiceCep.Xml",1,7,1,1
Class,"controller.WebServiceCep.Xml.(Anon_1)",2,0,1,1
Class,"controller.WebServiceCep.Xml.(Anon_2)",2,0,1,1
Class,"controller.WebServiceCep.Xml.(Anon_3)",2,0,1,1
Class,"controller.WebServiceCep.Xml.(Anon_4)",2,0,1,1
Class,"controller.WebServiceCep.Xml.(Anon_5)",2,0,1,1
Class,"controller.WebServiceCep.Xml.(Anon_6)",2,0,1,1
Class,"controller.WebServiceCep.Xml.(Anon_7)",2,0,1,1
Private Static Class,"controller.WebServiceCep.XmlEnums",1,0,1,1
Public Interface,"interfaces.TelaAntecedente",0,7,0,3
Public Class,"model.Agenda",1,0,1,2
Public Class,"model.Avaliacao",1,0,1,2
Public Class,"model.Consulta",1,0,1,2
Public Class,"model.Endereco",1,0,1,0
Public Class,"model.Especialidade",1,0,1,0
Public Class,"model.Formatacao",1,0,1,1
Public Class,"model.Horario",1,0,1,1
Public Class,"model.MD5",1,0,1,0
Public Class,"model.Paciente",1,0,1,1
Public Class,"model.Procedimento",1,0,1,0
Public Class,"model.Profissional",1,0,1,3
Public Class,"model.Usuario",1,0,2,1
Public Class,"model.Validacao",1,0,1,2
Public Class,"tables.AgendaTable",2,0,1,5
Public Class,"tables.AvaliacaoTable",2,0,1,5
Public Class,"tables.ConsultaTable",2,0,1,3
Public Class,"tables.EspecialidadeTable",2,0,1,1
Public Class,"tables.PacienteTable",2,0,1,2
Public Class,"tables.ProcedimentoTable",2,0,1,1
Public Class,"tables.ProfissionalTable",2,0,1,3
Public Class,"tables.UsuarioTable",2,0,1,1
Public Class,"view.Especialidades",2,0,1,5
Class,"view.Especialidades.initComponents.(Anon_1)",1,0,2,1
Class,"view.Especialidades.initComponents.(Anon_10)",1,0,2,1
Class,"view.Especialidades.initComponents.(Anon_2)",1,0,2,1
Class,"view.Especialidades.initComponents.(Anon_3)",1,0,2,1
Class,"view.Especialidades.initComponents.(Anon_4)",1,0,2,1
Class,"view.Especialidades.initComponents.(Anon_5)",1,0,2,1
Class,"view.Especialidades.initComponents.(Anon_6)",1,0,2,1
Class,"view.Especialidades.initComponents.(Anon_7)",1,0,2,1
Class,"view.Especialidades.initComponents.(Anon_8)",1,0,2,1
Class,"view.Especialidades.initComponents.(Anon_9)",1,0,2,1
Class,"view.Especialidades.main.(Anon_11)",1,0,2,1
Public Class,"view.FixedButtonModel",2,0,1,0
Public Class,"view.HistoricoAtendimento",2,0,2,10
Class,"view.HistoricoAtendimento.initComponents.(Anon_1)",1,0,2,1
Class,"view.HistoricoAtendimento.initComponents.(Anon_2)",1,0,2,1
Class,"view.HistoricoAtendimento.initComponents.(Anon_3)",1,0,2,1
Public Class,"view.Login",2,0,1,5
Class,"view.Login.initComponents.(Anon_1)",1,0,2,1
Class,"view.Login.initComponents.(Anon_2)",1,0,2,1
Class,"view.Login.initComponents.(Anon_3)",1,0,2,1
Class,"view.Login.initComponents.(Anon_4)",1,0,2,1
Class,"view.Login.initComponents.(Anon_5)",1,0,2,1
Class,"view.Login.initComponents.(Anon_6)",1,0,2,1
Class,"view.Login.main.(Anon_7)",1,0,2,1
Public Class,"view.Main",2,0,1,42
Class,"view.Main.initComponents.(Anon_1)",1,0,2,1
Class,"view.Main.initComponents.(Anon_10)",1,0,2,1
Class,"view.Main.initComponents.(Anon_11)",1,0,2,1
Class,"view.Main.initComponents.(Anon_12)",1,0,2,1
Class,"view.Main.initComponents.(Anon_13)",1,0,2,1
Class,"view.Main.initComponents.(Anon_14)",1,0,2,1
Class,"view.Main.initComponents.(Anon_15)",1,0,2,1
Class,"view.Main.initComponents.(Anon_16)",1,0,2,1
Class,"view.Main.initComponents.(Anon_17)",1,0,2,1
Class,"view.Main.initComponents.(Anon_18)",1,0,2,1
Class,"view.Main.initComponents.(Anon_19)",1,0,2,1
Class,"view.Main.initComponents.(Anon_2)",1,0,2,1
Class,"view.Main.initComponents.(Anon_20)",1,0,2,1
Class,"view.Main.initComponents.(Anon_21)",1,0,2,1
Class,"view.Main.initComponents.(Anon_22)",1,0,2,1
Class,"view.Main.initComponents.(Anon_23)",1,0,2,1
Class,"view.Main.initComponents.(Anon_24)",1,0,2,1
Class,"view.Main.initComponents.(Anon_25)",1,0,2,1
Class,"view.Main.initComponents.(Anon_26)",1,0,2,1
Class,"view.Main.initComponents.(Anon_27)",1,0,2,1
Class,"view.Main.initComponents.(Anon_28)",1,0,2,1
Class,"view.Main.initComponents.(Anon_29)",1,0,2,1
Class,"view.Main.initComponents.(Anon_3)",1,0,2,1
Class,"view.Main.initComponents.(Anon_30)",1,0,2,1
Class,"view.Main.initComponents.(Anon_31)",1,0,2,1
Class,"view.Main.initComponents.(Anon_32)",1,0,2,1
Class,"view.Main.initComponents.(Anon_33)",1,0,2,1
Class,"view.Main.initComponents.(Anon_34)",1,0,2,1
Class,"view.Main.initComponents.(Anon_35)",1,0,2,1
Class,"view.Main.initComponents.(Anon_36)",1,0,2,1
Class,"view.Main.initComponents.(Anon_37)",1,0,2,1
Class,"view.Main.initComponents.(Anon_38)",1,0,2,1
Class,"view.Main.initComponents.(Anon_39)",1,0,2,1
Class,"view.Main.initComponents.(Anon_4)",1,0,2,1
Class,"view.Main.initComponents.(Anon_40)",1,0,2,1
Class,"view.Main.initComponents.(Anon_41)",1,0,2,1
Class,"view.Main.initComponents.(Anon_42)",1,0,2,1
Class,"view.Main.initComponents.(Anon_43)",1,0,2,1
Class,"view.Main.initComponents.(Anon_44)",1,0,2,1
Class,"view.Main.initComponents.(Anon_45)",1,0,2,1
Class,"view.Main.initComponents.(Anon_46)",1,0,2,1
Class,"view.Main.initComponents.(Anon_5)",1,0,2,1
Class,"view.Main.initComponents.(Anon_6)",1,0,2,1
Class,"view.Main.initComponents.(Anon_7)",1,0,2,1
Class,"view.Main.initComponents.(Anon_8)",1,0,2,1
Class,"view.Main.initComponents.(Anon_9)",1,0,2,1
Class,"view.Main.main.(Anon_47)",1,0,2,1
Public Class,"view.PanelHistoricoConsulta",2,0,1,4
Public Class,"view.agenda.EditarAgendamento",2,0,2,14
Class,"view.agenda.EditarAgendamento.initComponents.(Anon_1)",1,0,2,1
Class,"view.agenda.EditarAgendamento.initComponents.(Anon_10)",1,0,2,1
Class,"view.agenda.EditarAgendamento.initComponents.(Anon_11)",1,0,2,1
Class,"view.agenda.EditarAgendamento.initComponents.(Anon_12)",1,0,2,1
Class,"view.agenda.EditarAgendamento.initComponents.(Anon_13)",1,0,2,1
Class,"view.agenda.EditarAgendamento.initComponents.(Anon_2)",1,0,2,1
Class,"view.agenda.EditarAgendamento.initComponents.(Anon_3)",1,0,2,1
Class,"view.agenda.EditarAgendamento.initComponents.(Anon_4)",1,0,2,1
Class,"view.agenda.EditarAgendamento.initComponents.(Anon_5)",1,0,2,1
Class,"view.agenda.EditarAgendamento.initComponents.(Anon_6)",1,0,2,1
Class,"view.agenda.EditarAgendamento.initComponents.(Anon_7)",1,0,2,1
Class,"view.agenda.EditarAgendamento.initComponents.(Anon_8)",1,0,2,1
Class,"view.agenda.EditarAgendamento.initComponents.(Anon_9)",1,0,2,1
Public Class,"view.agenda.NovoAgendamento",2,0,2,12
Class,"view.agenda.NovoAgendamento.initComponents.(Anon_1)",1,0,2,1
Class,"view.agenda.NovoAgendamento.initComponents.(Anon_2)",1,0,2,1
Class,"view.agenda.NovoAgendamento.initComponents.(Anon_3)",1,0,2,1
Class,"view.agenda.NovoAgendamento.initComponents.(Anon_4)",1,0,2,1
Class,"view.agenda.NovoAgendamento.initComponents.(Anon_5)",1,0,2,1
Class,"view.agenda.NovoAgendamento.initComponents.(Anon_6)",1,0,2,1
Class,"view.agenda.NovoAgendamento.initComponents.(Anon_7)",1,0,2,1
Class,"view.agenda.NovoAgendamento.initComponents.(Anon_8)",1,0,2,1
Class,"view.agenda.NovoAgendamento.initComponents.(Anon_9)",1,0,2,1
Public Class,"view.avaliacao.EditarAvaliacao",2,0,2,13
Class,"view.avaliacao.EditarAvaliacao.initComponents.(Anon_1)",1,0,2,1
Class,"view.avaliacao.EditarAvaliacao.initComponents.(Anon_10)",1,0,2,1
Class,"view.avaliacao.EditarAvaliacao.initComponents.(Anon_11)",1,0,2,1
Class,"view.avaliacao.EditarAvaliacao.initComponents.(Anon_2)",1,0,2,1
Class,"view.avaliacao.EditarAvaliacao.initComponents.(Anon_3)",1,0,2,1
Class,"view.avaliacao.EditarAvaliacao.initComponents.(Anon_4)",1,0,2,1
Class,"view.avaliacao.EditarAvaliacao.initComponents.(Anon_5)",1,0,2,1
Class,"view.avaliacao.EditarAvaliacao.initComponents.(Anon_6)",1,0,2,1
Class,"view.avaliacao.EditarAvaliacao.initComponents.(Anon_7)",1,0,2,1
Class,"view.avaliacao.EditarAvaliacao.initComponents.(Anon_8)",1,0,2,1
Class,"view.avaliacao.EditarAvaliacao.initComponents.(Anon_9)",1,0,2,1
Public Class,"view.avaliacao.NovoAvaliacao",2,0,2,12
Class,"view.avaliacao.NovoAvaliacao.initComponents.(Anon_1)",1,0,2,1
Class,"view.avaliacao.NovoAvaliacao.initComponents.(Anon_10)",1,0,2,1
Class,"view.avaliacao.NovoAvaliacao.initComponents.(Anon_11)",1,0,2,1
Class,"view.avaliacao.NovoAvaliacao.initComponents.(Anon_2)",1,0,2,1
Class,"view.avaliacao.NovoAvaliacao.initComponents.(Anon_3)",1,0,2,1
Class,"view.avaliacao.NovoAvaliacao.initComponents.(Anon_4)",1,0,2,1
Class,"view.avaliacao.NovoAvaliacao.initComponents.(Anon_5)",1,0,2,1
Class,"view.avaliacao.NovoAvaliacao.initComponents.(Anon_6)",1,0,2,1
Class,"view.avaliacao.NovoAvaliacao.initComponents.(Anon_7)",1,0,2,1
Class,"view.avaliacao.NovoAvaliacao.initComponents.(Anon_8)",1,0,2,1
Class,"view.avaliacao.NovoAvaliacao.initComponents.(Anon_9)",1,0,2,1
Public Class,"view.consulta.BuscarConsulta",2,0,1,8
Class,"view.consulta.BuscarConsulta.initComponents.(Anon_1)",1,0,2,1
Class,"view.consulta.BuscarConsulta.initComponents.(Anon_2)",1,0,2,1
Class,"view.consulta.BuscarConsulta.initComponents.(Anon_3)",1,0,2,1
Class,"view.consulta.BuscarConsulta.initComponents.(Anon_4)",1,0,2,1
Class,"view.consulta.BuscarConsulta.initComponents.(Anon_5)",1,0,2,1
Class,"view.consulta.BuscarConsulta.initComponents.(Anon_6)",1,0,2,1
Class,"view.consulta.BuscarConsulta.initComponents.(Anon_7)",1,0,2,1
Class,"view.consulta.BuscarConsulta.initComponents.(Anon_8)",1,0,2,1
Public Class,"view.consulta.EditarConsulta",2,0,2,13
Class,"view.consulta.EditarConsulta.initComponents.(Anon_1)",1,0,2,1
Class,"view.consulta.EditarConsulta.initComponents.(Anon_2)",1,0,2,1
Class,"view.consulta.EditarConsulta.initComponents.(Anon_3)",1,0,2,1
Class,"view.consulta.EditarConsulta.initComponents.(Anon_4)",1,0,2,1
Class,"view.consulta.EditarConsulta.initComponents.(Anon_5)",1,0,2,1
Class,"view.consulta.EditarConsulta.initComponents.(Anon_6)",1,0,2,1
Class,"view.consulta.EditarConsulta.initComponents.(Anon_7)",1,0,2,1
Class,"view.consulta.EditarConsulta.initComponents.(Anon_8)",1,0,2,1
Public Class,"view.consulta.NovoConsulta",2,0,2,13
Class,"view.consulta.NovoConsulta.initComponents.(Anon_1)",1,0,2,1
Class,"view.consulta.NovoConsulta.initComponents.(Anon_2)",1,0,2,1
Class,"view.consulta.NovoConsulta.initComponents.(Anon_3)",1,0,2,1
Class,"view.consulta.NovoConsulta.initComponents.(Anon_4)",1,0,2,1
Class,"view.consulta.NovoConsulta.initComponents.(Anon_5)",1,0,2,1
Class,"view.consulta.NovoConsulta.initComponents.(Anon_6)",1,0,2,1
Class,"view.consulta.NovoConsulta.initComponents.(Anon_7)",1,0,2,1
Class,"view.consulta.NovoConsulta.initComponents.(Anon_8)",1,0,2,1
Public Class,"view.paciente.BuscarPaciente",2,0,1,7
Class,"view.paciente.BuscarPaciente.initComponents.(Anon_1)",1,0,2,1
Class,"view.paciente.BuscarPaciente.initComponents.(Anon_2)",1,0,2,1
Class,"view.paciente.BuscarPaciente.initComponents.(Anon_3)",1,0,2,1
Class,"view.paciente.BuscarPaciente.initComponents.(Anon_4)",1,0,2,1
Class,"view.paciente.BuscarPaciente.initComponents.(Anon_5)",1,0,2,1
Class,"view.paciente.BuscarPaciente.initComponents.(Anon_6)",1,0,2,1
Class,"view.paciente.BuscarPaciente.initComponents.(Anon_7)",1,0,2,1
Class,"view.paciente.BuscarPaciente.initComponents.(Anon_8)",1,0,2,1
Public Class,"view.paciente.EditarPaciente",2,0,1,9
Class,"view.paciente.EditarPaciente.initComponents.(Anon_1)",1,0,2,1
Class,"view.paciente.EditarPaciente.initComponents.(Anon_10)",1,0,2,1
Class,"view.paciente.EditarPaciente.initComponents.(Anon_11)",1,0,2,1
Class,"view.paciente.EditarPaciente.initComponents.(Anon_12)",1,0,2,1
Class,"view.paciente.EditarPaciente.initComponents.(Anon_13)",1,0,2,1
Class,"view.paciente.EditarPaciente.initComponents.(Anon_14)",1,0,2,1
Class,"view.paciente.EditarPaciente.initComponents.(Anon_15)",1,0,2,1
Class,"view.paciente.EditarPaciente.initComponents.(Anon_2)",1,0,2,1
Class,"view.paciente.EditarPaciente.initComponents.(Anon_3)",1,0,2,1
Class,"view.paciente.EditarPaciente.initComponents.(Anon_4)",1,0,2,1
Class,"view.paciente.EditarPaciente.initComponents.(Anon_5)",1,0,2,1
Class,"view.paciente.EditarPaciente.initComponents.(Anon_6)",1,0,2,1
Class,"view.paciente.EditarPaciente.initComponents.(Anon_7)",1,0,2,1
Class,"view.paciente.EditarPaciente.initComponents.(Anon_8)",1,0,2,1
Class,"view.paciente.EditarPaciente.initComponents.(Anon_9)",1,0,2,1
Public Class,"view.paciente.NovoPaciente",2,0,1,9
Class,"view.paciente.NovoPaciente.initComponents.(Anon_1)",1,0,2,1
Class,"view.paciente.NovoPaciente.initComponents.(Anon_10)",1,0,2,1
Class,"view.paciente.NovoPaciente.initComponents.(Anon_11)",1,0,2,1
Class,"view.paciente.NovoPaciente.initComponents.(Anon_12)",1,0,2,1
Class,"view.paciente.NovoPaciente.initComponents.(Anon_13)",1,0,2,1
Class,"view.paciente.NovoPaciente.initComponents.(Anon_14)",1,0,2,1
Class,"view.paciente.NovoPaciente.initComponents.(Anon_2)",1,0,2,1
Class,"view.paciente.NovoPaciente.initComponents.(Anon_3)",1,0,2,1
Class,"view.paciente.NovoPaciente.initComponents.(Anon_4)",1,0,2,1
Class,"view.paciente.NovoPaciente.initComponents.(Anon_5)",1,0,2,1
Class,"view.paciente.NovoPaciente.initComponents.(Anon_6)",1,0,2,1
Class,"view.paciente.NovoPaciente.initComponents.(Anon_7)",1,0,2,1
Class,"view.paciente.NovoPaciente.initComponents.(Anon_8)",1,0,2,1
Class,"view.paciente.NovoPaciente.initComponents.(Anon_9)",1,0,2,1
Public Class,"view.procedimento.EditarProcedimento",2,0,1,6
Class,"view.procedimento.EditarProcedimento.initComponents.(Anon_1)",1,0,2,1
Class,"view.procedimento.EditarProcedimento.initComponents.(Anon_2)",1,0,2,1
Class,"view.procedimento.EditarProcedimento.initComponents.(Anon_3)",1,0,2,1
Class,"view.procedimento.EditarProcedimento.initComponents.(Anon_4)",1,0,2,1
Class,"view.procedimento.EditarProcedimento.initComponents.(Anon_5)",1,0,2,1
Class,"view.procedimento.EditarProcedimento.initComponents.(Anon_6)",1,0,2,1
Public Class,"view.procedimento.NovoProcedimento",2,0,1,6
Class,"view.procedimento.NovoProcedimento.initComponents.(Anon_1)",1,0,2,1
Class,"view.procedimento.NovoProcedimento.initComponents.(Anon_2)",1,0,2,1
Class,"view.procedimento.NovoProcedimento.initComponents.(Anon_3)",1,0,2,1
Class,"view.procedimento.NovoProcedimento.initComponents.(Anon_4)",1,0,2,1
Class,"view.procedimento.NovoProcedimento.initComponents.(Anon_5)",1,0,2,1
Class,"view.procedimento.NovoProcedimento.initComponents.(Anon_6)",1,0,2,1
Public Class,"view.profissional.BuscarProfissional",2,0,1,7
Class,"view.profissional.BuscarProfissional.initComponents.(Anon_1)",1,0,2,1
Class,"view.profissional.BuscarProfissional.initComponents.(Anon_2)",1,0,2,1
Class,"view.profissional.BuscarProfissional.initComponents.(Anon_3)",1,0,2,1
Class,"view.profissional.BuscarProfissional.initComponents.(Anon_4)",1,0,2,1
Class,"view.profissional.BuscarProfissional.initComponents.(Anon_5)",1,0,2,1
Class,"view.profissional.BuscarProfissional.initComponents.(Anon_6)",1,0,2,1
Class,"view.profissional.BuscarProfissional.initComponents.(Anon_7)",1,0,2,1
Class,"view.profissional.BuscarProfissional.initComponents.(Anon_8)",1,0,2,1
Public Class,"view.profissional.EditarProfissional",2,0,1,14
Class,"view.profissional.EditarProfissional.initComponents.(Anon_1)",1,0,2,1
Class,"view.profissional.EditarProfissional.initComponents.(Anon_10)",1,0,2,1
Class,"view.profissional.EditarProfissional.initComponents.(Anon_11)",1,0,2,1
Class,"view.profissional.EditarProfissional.initComponents.(Anon_12)",1,0,2,1
Class,"view.profissional.EditarProfissional.initComponents.(Anon_13)",1,0,2,1
Class,"view.profissional.EditarProfissional.initComponents.(Anon_14)",1,0,2,1
Class,"view.profissional.EditarProfissional.initComponents.(Anon_15)",1,0,2,1
Class,"view.profissional.EditarProfissional.initComponents.(Anon_16)",1,0,2,1
Class,"view.profissional.EditarProfissional.initComponents.(Anon_17)",1,0,2,1
Class,"view.profissional.EditarProfissional.initComponents.(Anon_18)",1,0,2,1
Class,"view.profissional.EditarProfissional.initComponents.(Anon_2)",1,0,2,1
Class,"view.profissional.EditarProfissional.initComponents.(Anon_3)",1,0,2,1
Class,"view.profissional.EditarProfissional.initComponents.(Anon_4)",1,0,2,1
Class,"view.profissional.EditarProfissional.initComponents.(Anon_5)",1,0,2,1
Class,"view.profissional.EditarProfissional.initComponents.(Anon_6)",1,0,2,1
Class,"view.profissional.EditarProfissional.initComponents.(Anon_7)",1,0,2,1
Class,"view.profissional.EditarProfissional.initComponents.(Anon_8)",1,0,2,1
Class,"view.profissional.EditarProfissional.initComponents.(Anon_9)",1,0,2,1
Public Class,"view.profissional.NovoProfissional",2,0,1,14
Class,"view.profissional.NovoProfissional.initComponents.(Anon_1)",1,0,2,1
Class,"view.profissional.NovoProfissional.initComponents.(Anon_10)",1,0,2,1
Class,"view.profissional.NovoProfissional.initComponents.(Anon_11)",1,0,2,1
Class,"view.profissional.NovoProfissional.initComponents.(Anon_12)",1,0,2,1
Class,"view.profissional.NovoProfissional.initComponents.(Anon_13)",1,0,2,1
Class,"view.profissional.NovoProfissional.initComponents.(Anon_14)",1,0,2,1
Class,"view.profissional.NovoProfissional.initComponents.(Anon_15)",1,0,2,1
Class,"view.profissional.NovoProfissional.initComponents.(Anon_16)",1,0,2,1
Class,"view.profissional.NovoProfissional.initComponents.(Anon_17)",1,0,2,1
Class,"view.profissional.NovoProfissional.initComponents.(Anon_18)",1,0,2,1
Class,"view.profissional.NovoProfissional.initComponents.(Anon_19)",1,0,2,1
Class,"view.profissional.NovoProfissional.initComponents.(Anon_2)",1,0,2,1
Class,"view.profissional.NovoProfissional.initComponents.(Anon_20)",1,0,2,1
Class,"view.profissional.NovoProfissional.initComponents.(Anon_3)",1,0,2,1
Class,"view.profissional.NovoProfissional.initComponents.(Anon_4)",1,0,2,1
Class,"view.profissional.NovoProfissional.initComponents.(Anon_5)",1,0,2,1
Class,"view.profissional.NovoProfissional.initComponents.(Anon_6)",1,0,2,1
Class,"view.profissional.NovoProfissional.initComponents.(Anon_7)",1,0,2,1
Class,"view.profissional.NovoProfissional.initComponents.(Anon_8)",1,0,2,1
Class,"view.profissional.NovoProfissional.initComponents.(Anon_9)",1,0,2,1
Public Class,"view.usuario.EditarUsuario",2,0,1,7
Class,"view.usuario.EditarUsuario.initComponents.(Anon_1)",1,0,2,1
Class,"view.usuario.EditarUsuario.initComponents.(Anon_2)",1,0,2,1
Class,"view.usuario.EditarUsuario.initComponents.(Anon_3)",1,0,2,1
Class,"view.usuario.EditarUsuario.initComponents.(Anon_4)",1,0,2,1
Class,"view.usuario.EditarUsuario.initComponents.(Anon_5)",1,0,2,1
Class,"view.usuario.EditarUsuario.initComponents.(Anon_6)",1,0,2,1
Public Class,"view.usuario.NovoUsuario",2,0,1,7
Class,"view.usuario.NovoUsuario.initComponents.(Anon_1)",1,0,2,1
Class,"view.usuario.NovoUsuario.initComponents.(Anon_2)",1,0,2,1
Class,"view.usuario.NovoUsuario.initComponents.(Anon_3)",1,0,2,1
Class,"view.usuario.NovoUsuario.initComponents.(Anon_4)",1,0,2,1
Class,"view.usuario.NovoUsuario.initComponents.(Anon_5)",1,0,2,1
Class,"view.usuario.NovoUsuario.initComponents.(Anon_6)",1,0,2,1
